"","geo_merge","cases_final","case_rate_final","adj_case_rate_final","deaths_final","death_rate_final","adj_death_rate_final","persons_tested_final","testing_rate_final","adj_testing_rate_final","population"
"1","City of Agoura Hills",31,31,137.01,0,0,0,143,684.77,613.7,20883
"2","City of Alhambra",110,110,110.36,6,6.92,4.48,476,548.87,517.05,86724
"3","City of Arcadia",51,51,74.04,1,1.73,1.32,292,505.59,515.74,57754
"4","City of Artesia",15,15,83.28,0,0,0,104,619.23,592.28,16795
"5","City of Azusa",96,96,197.87,5,9.99,12.65,239,477.62,513.92,50040
"6","City of Baldwin Park",128,128,166.47,6,7.82,8.45,369,480.66,487.93,76769
"7","City of Bell",146,146,471.62,23,63.31,88.95,246,677.09,774.45,36332
"8","City of Bell Gardens",129,129,357.05,9,20.9,36.26,179,415.59,470.76,43071
"9","City of Bellflower",171,171,218.13,5,6.43,6.71,557,716.54,713.45,77735
"10","City of Beverly Hills",116,116,301.88,4,11.59,6.5,703,2036.5,1851.69,34520
"11","City of Bradbury",1,1,43.26,0,0,0,0,0,0,1069
"12","City of Burbank",291,291,229.36,34,31.72,24.75,960,895.69,816.48,107180
"13","City of Calabasas",47,47,167.55,2,8.22,6,275,1130.62,1082.05,24323
"14","City of Carson",285,285,286.07,17,18.11,13.38,958,1020.82,978.6,93846
"15","City of Cerritos",64,64,124.97,0,0,0,336,671.1,661.64,50067
"16","City of Claremont",28,28,83.22,0,0,0,217,594.78,625.71,36484
"17","City of Commerce",15,15,111.86,0,0,0,67,512.66,518.57,13069
"18","City of Compton",266,266,276.85,8,8.01,10.85,651,651.63,693.64,99904
"19","City of Covina",105,105,208.28,4,8.16,7.56,338,689.35,681.74,49032
"20","City of Cudahy",96,96,423.59,4,16.43,28.58,118,484.66,505.63,24347
"21","City of Culver City",93,93,204.01,3,7.53,5.42,569,1427.32,1291.61,39865
"22","City of Diamond Bar",41,41,65.19,1,1.74,1.42,299,519.86,498.64,57515
"23","City of Downey",271,271,229.13,10,8.75,7.99,807,706.27,696.6,114263
"24","City of Duarte",84,84,303.43,7,31.8,20.75,160,726.74,651.84,22016
"25","City of El Monte",216,216,183.13,8,6.82,6.74,522,445.13,443.37,117269
"26","City of El Segundo",30,30,169.2,0,0,0,146,869.77,840.09,16786
"27","City of Gardena",177,177,246.63,20,32.62,22.65,571,931.33,849.89,61310
"28","City of Glendale",697,697,274.41,48,23.25,15.99,1769,856.69,757.54,206493
"29","City of Glendora",64,64,105.5,2,3.79,3.13,336,636.8,607.55,52764
"30","City of Hawaiian Gardens",11,11,76.23,0,0,0,56,381.58,409.36,14676
"31","City of Hawthorne",240,240,269.44,7,7.88,9.36,739,832.33,826.65,88787
"32","City of Hermosa Beach",25,25,117,2,10.17,12.66,167,849.01,789.82,19670
"33","City of Huntington Park",196,196,342.06,5,8.41,10.15,284,477.44,495.86,59484
"34","City of Industry",7,7,1644.72,0,0,0,2,457.67,447.17,437
"35","City of Inglewood",413,413,362.24,39,34.34,38.64,1028,905.07,903.08,113582
"36","City of Irwindale",2,2,115.37,0,0,0,5,342.7,324.89,1459
"37","City of La Canada Flintridge",41,41,243.4,5,24.16,12.57,221,1067.99,1384.71,20693
"38","City of La Habra Heights",4,4,48.25,0,0,0,6,109.99,115.99,5455
"39","City of La Mirada",75,75,127.63,5,10.08,6.2,262,528.24,526.17,49599
"40","City of La Puente",50,50,118,0,0,0,213,523.38,529.85,40697
"41","City of La Verne",18,18,49.56,1,3,1.4,207,621.96,603.72,33282
"42","City of Lakewood",99,99,122.64,3,3.73,2.94,550,684.4,675.47,80362
"43","City of Lancaster",394,394,251.63,7,4.33,4.7,1053,651.73,674.05,161570
"44","City of Lawndale",75,75,224.45,2,5.95,7.67,250,743.74,739.62,33614
"45","City of Lomita",40,40,179.56,4,19.3,13.62,163,786.34,749.93,20729
"46","City of Lynwood",255,255,441.18,23,31.92,51.72,342,474.69,531.25,72047
"47","City of Malibu",31,31,205.93,1,7.72,4.47,707,5454.83,4556.13,12961
"48","City of Manhattan Beach",68,68,164.84,2,5.56,5.93,372,1033.36,992.64,35999
"49","City of Maywood",83,83,322.65,2,7.13,7.28,117,417.13,427.43,28049
"50","City of Monrovia",77,77,184.08,6,15.46,17.24,218,561.86,547.45,38800
"51","City of Montebello",204,204,286.11,8,12.43,8.85,423,657.09,636.51,64375
"52","City of Monterey Park",98,98,145.69,3,4.82,2.45,276,443.29,431.53,62262
"53","City of Norwalk",236,236,213.37,11,10.22,10.56,617,573.3,567.11,107622
"54","City of Palmdale",491,491,313.54,10,6.29,6.59,1311,824.69,864.96,158968
"55","City of Palos Verdes Estates",40,40,229.72,0,0,0,149,1101.91,1204.6,13522
"56","City of Paramount",171,171,316.75,7,12.49,14.68,354,631.88,667.96,56023
"57","City of Pico Rivera",249,249,365.34,14,21.78,19.82,429,667.35,654.79,64284
"58","City of Pomona",239,239,157.05,9,5.77,8.09,749,480.34,493.32,155931
"59","City of Rancho Palos Verdes",75,75,137.61,10,23.39,11.02,390,912.34,1057.11,42747
"60","City of Redondo Beach",117,117,163.92,7,10.19,10.7,624,908.34,883.94,68697
"61","City of Rolling Hills",2,2,60.51,0,0,0,17,876.29,1898.24,1940
"62","City of Rolling Hills Estates",13,13,261.29,0,0,0,88,1084.68,1079.74,8113
"63","City of Rosemead",50,50,83.43,2,3.61,2.71,191,345.08,332.19,55350
"64","City of San Dimas",31,31,85.17,1,2.9,1.82,260,753.27,720.65,34516
"65","City of San Fernando",125,125,537.46,3,12.19,14.6,216,877.62,913.65,24612
"66","City of San Gabriel",44,44,85.91,1,2.44,1.5,174,424.87,407.77,40954
"67","City of San Marino",12,12,62.21,0,0,0,84,632.67,664.76,13277
"68","City of Santa Clarita",463,463,215.74,12,5.44,6.03,1883,854.26,871.65,220424
"69","City of Santa Fe Springs",31,31,170.23,0,0,0,108,588.11,608.56,18364
"70","City of Santa Monica",206,206,184.31,11,11.9,9.02,1423,1539.28,1350.77,92446
"71","City of Sierra Madre",5,5,35.89,0,0,0,60,546,519.66,10989
"72","City of Signal Hill",9,9,75.92,0,0,0,93,788.34,776.8,11797
"73","City of South El Monte",38,38,187.45,1,4.79,5.59,78,373.47,372.23,20885
"74","City of South Gate",304,304,310.1,12,12.23,14.77,532,542,558.46,98155
"75","City of South Pasadena",99,99,319.93,13,49.9,35.9,248,951.91,918.98,26053
"76","City of Temple City",65,65,132.82,8,21.94,13.45,194,532.16,505.89,36455
"77","City of Torrance",311,311,180.17,38,25.46,19.1,1219,816.65,765.01,149268
"78","City of Vernon",1,1,454.73,0,0,0,3,1435.41,2157.23,209
"79","City of Walnut",25,25,64.05,0,0,0,152,497.84,469.11,30532
"80","City of West Covina",164,164,141.79,5,4.62,4.59,669,618.1,595.51,108235
"81","City of West Hollywood",144,144,311.97,4,10.83,7.33,704,1905.23,1501.36,36951
"82","City of Westlake Village",6,6,45.01,0,0,0,5,59.81,46.13,8360
"83","City of Whittier",163,163,182.59,7,8.01,7.96,501,573.02,565.55,87432
"84","Los Angeles - Adams-Normandie",32,32,390.53,2,24.38,27.72,58,707.14,715.61,8202
"85","Los Angeles - Alsace",33,33,257.51,0,0,0,103,827.64,828.54,12445
"86","Los Angeles - Angelino Heights",10,10,330.31,0,0,0,22,879.3,802.11,2502
"87","Los Angeles - Arleta",147,147,420.71,1,2.91,2.2,315,916.5,902.72,34370
"88","Los Angeles - Atwater Village",34,34,223.72,2,13.64,10.93,133,906.86,891.02,14666
"89","Los Angeles - Baldwin Hills",85,85,258.39,3,9.64,8.09,322,1034.54,986.95,31125
"90","Los Angeles - Bel Air",31,31,323.62,1,11.86,5.64,197,2337.17,2553.09,8429
"91","Los Angeles - Beverly Crest",33,33,262.11,2,15.97,9.05,220,1756.49,1766.26,12525
"92","Los Angeles - Beverlywood",33,33,243.76,0,0,0,225,1708.04,1725.11,13173
"93","Los Angeles - Boyle Heights",286,286,336.8,8,9.21,11.04,566,651.44,679.76,86884
"94","Los Angeles - Brentwood",68,68,199.96,1,3.23,2.58,525,1696.01,1550.95,30955
"95","Los Angeles - Cadillac-Corning",21,21,328.99,0,0,0,62,870.66,879.14,7121
"96","Los Angeles - Canoga Park",365,365,568.25,17,26.04,34.17,617,945.03,923.29,65289
"97","Los Angeles - Carthay",67,67,465.23,6,41.77,17.14,430,2993.8,3353.99,14363
"98","Los Angeles - Central",174,174,481.28,6,15.39,22.12,251,643.72,724.74,38992
"99","Los Angeles - Century City",30,30,224.59,0,0,0,217,1696.37,1657.74,12792
"100","Los Angeles - Century Palms/Cove",120,120,381.97,1,2.96,2.71,204,604.16,674.23,33766
"101","Los Angeles - Chatsworth",116,116,284.49,15,40.47,25.36,404,1090.09,993.79,37061
"102","Los Angeles - Cheviot Hills",18,18,208.05,1,10.9,5.07,144,1570.17,1649.72,9171
"103","Los Angeles - Chinatown",10,10,110.19,1,12.47,10.28,61,760.5,747.63,8021
"104","Los Angeles - Cloverdale/Cochran",44,44,298.23,1,6.87,8.57,133,913.9,893.31,14553
"105","Los Angeles - Country Club Park",76,76,418.45,16,105.59,81.38,129,851.32,781.13,15153
"106","Los Angeles - Crenshaw District",55,55,397.74,2,14.46,8.88,194,1402.85,1388.99,13829
"107","Los Angeles - Crestview",70,70,550.55,8,70.37,62.78,247,2172.77,2074.4,11368
"108","Los Angeles - Del Rey",58,58,170.75,2,6.68,4.8,315,1052.24,967.59,29936
"109","Los Angeles - Downtown",84,84,272.87,3,10.91,4.23,439,1595.96,1415.8,27507
"110","Los Angeles - Eagle Rock",108,108,248.71,7,17.68,12.33,349,881.56,832.32,39589
"111","Los Angeles - East Hollywood",162,162,500.02,29,99.02,84.12,242,826.31,772.96,29287
"112","Los Angeles - Echo Park",27,27,181.31,0,0,0,122,855.78,759.18,14256
"113","Los Angeles - El Sereno",115,115,264.2,14,33.49,28.34,306,731.92,721.18,41808
"114","Los Angeles - Elysian Park",11,11,156.04,0,0,0,44,770.31,664.92,5712
"115","Los Angeles - Elysian Valley",26,26,241.71,0,0,0,78,766.89,717.71,10171
"116","Los Angeles - Encino",97,97,196.37,7,15.5,7.96,674,1492.07,1433.43,45172
"117","Los Angeles - Exposition",5,5,145.83,0,0,0,20,601.32,553.52,3326
"118","Los Angeles - Exposition Park",157,157,372.89,9,20.04,25.7,306,681.26,765.04,44917
"119","Los Angeles - Faircrest Heights",4,4,99.81,0,0,0,37,1027.78,976.02,3600
"120","Los Angeles - Figueroa Park Square",23,23,275.35,0,0,0,81,928.79,964.72,8721
"121","Los Angeles - Florence-Firestone",177,177,410,7,14.75,22.96,300,632.31,657.38,47445
"122","Los Angeles - Glassell Park",131,131,387.85,4,12.66,12.1,284,898.62,847.5,31604
"123","Los Angeles - Gramercy Place",40,40,386.77,2,18.58,11.85,138,1282.05,1154.08,10764
"124","Los Angeles - Granada Hills",149,149,223.18,9,15.47,12.05,620,1065.46,1015.81,58191
"125","Los Angeles - Green Meadows",87,87,423.85,2,9.3,14.16,144,669.61,710.46,21505
"126","Los Angeles - Hancock Park",70,70,364.45,2,11.74,11.82,256,1502.44,1472.8,17039
"127","Los Angeles - Harbor City",57,57,180.59,4,13.76,10.74,246,846.23,822.5,29070
"128","Los Angeles - Harbor Gateway",81,81,186.78,3,6.88,7.32,300,688.07,695.39,43600
"129","Los Angeles - Harbor Pines",2,2,87.21,0,0,0,19,788.71,764.11,2409
"130","Los Angeles - Harvard Heights",73,73,421.94,9,49.9,65.63,130,720.82,717.81,18035
"131","Los Angeles - Harvard Park",170,170,452.44,1,2.64,2.15,328,864.64,874.19,37935
"132","Los Angeles - Highland Park",108,108,217.21,1,2.07,1.78,304,628.22,617.16,48391
"133","Los Angeles - Historic Filipinotown",79,79,524.6,5,36.05,30.17,116,836.34,786.67,13870
"134","Los Angeles - Hollywood",212,212,258.67,5,7.33,7.72,824,1207.26,1040.37,68254
"135","Los Angeles - Hollywood Hills",68,68,214.34,4,13.59,13.28,346,1175.51,1077.67,29434
"136","Los Angeles - Hyde Park",89,89,293.5,2,7.01,4.46,306,1072.14,1056.27,28541
"137","Los Angeles - Jefferson Park",23,23,271.82,1,12.39,10.24,74,916.64,938,8073
"138","Los Angeles - Koreatown",170,170,307.21,14,27.08,28.08,309,597.76,562.69,51693
"139","Los Angeles - Lafayette Square",14,14,302.7,0,0,0,47,1030.93,1037.2,4559
"140","Los Angeles - Lake Balboa",128,128,301.01,2,4.74,5.5,384,909.82,891.28,42206
"141","Los Angeles - Lakeview Terrace",68,68,503.89,2,15.23,12.95,176,1340.14,1339.56,13133
"142","Los Angeles - Leimert Park",39,39,240.77,2,13.13,8.05,174,1142.11,1015.94,15235
"143","Los Angeles - Lincoln Heights",150,150,434.78,9,27.61,24.95,227,696.38,691.23,32597
"144","Los Angeles - Little Armenia",152,152,1562.38,27,336.45,276.25,97,1208.72,1047.83,8025
"145","Los Angeles - Little Bangladesh",89,89,313.45,2,7.06,7.19,239,843.24,821.91,28343
"146","Los Angeles - Little Tokyo",8,8,182.71,0,0,0,48,1532.08,1661.49,3133
"147","Los Angeles - Longwood",16,16,355.83,0,0,0,51,1184.94,1138.85,4304
"148","Los Angeles - Los Feliz",36,36,156.35,0,0,0,229,1059.79,982.47,21608
"149","Los Angeles - Manchester Square",16,16,170.73,0,0,0,120,1405.81,1385.51,8536
"150","Los Angeles - Mandeville Canyon",1,1,31.81,0,0,0,64,2048.66,2922.79,3124
"151","Los Angeles - Mar Vista",62,62,131.69,4,9.42,6.95,478,1125.47,1064.41,42471
"152","Los Angeles - Marina Peninsula",9,9,143.64,0,0,0,75,1720.18,1709.82,4360
"153","Los Angeles - Melrose",405,405,493.2,29,37.32,38.4,938,1207.27,1134.84,77696
"154","Los Angeles - Mid-city",43,43,256.14,2,13.31,11.5,195,1297.41,1172.83,15030
"155","Los Angeles - Miracle Mile",37,37,177.93,4,22.24,20.24,270,1501.25,1301.15,17985
"156","Los Angeles - Mission Hills",90,90,360.79,4,16.58,10.95,224,928.54,898.2,24124
"157","Los Angeles - Mt. Washington",59,59,227.55,3,12.42,11.15,170,704.08,670.9,24145
"158","Los Angeles - North Hills",232,232,368.95,6,9.74,11.07,512,831.51,833.21,61575
"159","Los Angeles - North Hollywood",463,463,289.65,15,9.91,11.5,1261,832.78,779.69,151421
"160","Los Angeles - Northridge",208,208,272.96,20,28.65,24.76,714,1022.97,971.75,69797
"161","Los Angeles - Pacific Palisades",39,39,177.28,3,14.09,6.45,329,1545.25,1509.45,21291
"162","Los Angeles - Pacoima",397,397,531.84,8,10.39,14.72,573,744.36,764.74,76979
"163","Los Angeles - Palisades Highlands",3,3,74.78,0,0,0,56,1456.06,1452.06,3846
"164","Los Angeles - Palms",155,155,408.7,18,41.02,52.3,535,1219.32,1187.78,43877
"165","Los Angeles - Panorama City",403,403,545.99,16,21.26,29.29,637,846.51,858.69,75250
"166","Los Angeles - Park La Brea",13,13,90.44,1,7.36,8.07,129,949.93,943.64,13580
"167","Los Angeles - Pico-Union",336,336,875.44,34,81.26,100.32,310,740.88,753.9,41842
"168","Los Angeles - Playa Del Rey",1,1,32.61,0,0,0,34,1063.83,803.73,3196
"169","Los Angeles - Playa Vista",20,20,186.68,0,0,0,158,1443.32,1424.28,10947
"170","Los Angeles - Porter Ranch",64,64,181.46,3,8.43,4.98,366,1028.44,988.95,35588
"171","Los Angeles - Rancho Park",12,12,187.05,0,0,0,104,1585.37,1557.89,6560
"172","Los Angeles - Regent Square",3,3,102.52,0,0,0,25,899.28,800.42,2780
"173","Los Angeles - Reseda",298,298,367.61,11,14.36,14.6,851,1110.72,1056.6,76617
"174","Los Angeles - Reseda Ranch",23,23,426.21,0,0,0,65,1402.07,1329.4,4636
"175","Los Angeles - Reynier Village",9,9,207.47,0,0,0,45,1064.33,1000.6,4228
"176","Los Angeles - San Pedro",634,634,801.83,12,15.38,13.94,753,964.91,914,78038
"177","Los Angeles - Shadow Hills",9,9,230.77,0,0,0,36,810.45,760.97,4442
"178","Los Angeles - Sherman Oaks",163,163,179.86,6,6.88,5.45,1215,1392.49,1319.34,87254
"179","Los Angeles - Silverlake",132,132,285.95,9,20.42,18.22,519,1177.32,1096.32,44083
"180","Los Angeles - South Carthay",25,25,257.94,0,0,0,175,1651.72,1572.07,10595
"181","Los Angeles - South Park",154,154,435.96,5,13.17,21.61,227,597.98,698.18,37961
"182","Los Angeles - St Elmo Village",24,24,621.42,1,21.82,22.43,48,1047.12,1041.29,4584
"183","Los Angeles - Studio City",57,57,235.89,2,8.91,8.24,299,1332.44,1221.46,22440
"184","Los Angeles - Sun Valley",184,184,335.63,4,7.62,7.9,396,754.53,737.37,52483
"185","Los Angeles - Sunland",108,108,418.15,12,58.8,40.96,204,999.61,901.17,20408
"186","Los Angeles - Sycamore Square",1,1,78.94,0,0,0,6,927.36,747.82,647
"187","Los Angeles - Sylmar",466,466,577.33,17,20.63,26.74,864,1048.57,1062.01,82398
"188","Los Angeles - Tarzana",87,87,255.86,1,3.24,1.75,393,1272.83,1187.75,30876
"189","Los Angeles - Temple-Beaudry",196,196,477.93,9,22.8,26.64,330,835.82,782.91,39482
"190","Los Angeles - Thai Town",19,19,155.93,0,0,0,84,856.36,773.74,9809
"191","Los Angeles - Toluca Lake",13,13,129.46,0,0,0,105,1206.34,1142.62,8704
"192","Los Angeles - Toluca Terrace",2,2,199.64,0,0,0,10,765.7,827.91,1306
"193","Los Angeles - Toluca Woods",3,3,118.29,0,0,0,26,1399.35,1123.35,1858
"194","Los Angeles - Tujunga",88,88,282.35,7,25.17,20.8,252,906.15,836.77,27810
"195","Los Angeles - University Hills",7,7,184.92,1,29.16,19.36,26,758.24,813.31,3429
"196","Los Angeles - University Park",103,103,521.88,1,3.64,3.34,167,608.25,779.25,27456
"197","Los Angeles - Valley Glen",97,97,300.9,2,6.66,6.42,280,932.84,882.32,30016
"198","Los Angeles - Valley Village",152,152,556.51,6,24.27,20.63,308,1245.95,1166.26,24720
"199","Los Angeles - Van Nuys",429,429,472.05,19,20.39,27.8,766,821.94,826.78,93194
"200","Los Angeles - Venice",52,52,158.77,1,2.95,3.8,430,1269,1267.98,33885
"201","Los Angeles - Vermont Knolls",73,73,429.18,1,5.81,6.89,185,1075.58,1111.4,17200
"202","Los Angeles - Vermont Square",61,61,774.25,1,13.06,14.58,87,1136.22,1112.09,7657
"203","Los Angeles - Vermont Vista",166,166,431.4,4,9.71,15.64,294,713.83,795.05,41186
"204","Los Angeles - Vernon Central",288,288,574.24,6,11.54,19.41,329,632.72,718.56,51998
"205","Los Angeles - Victoria Park",40,40,455.93,1,11.91,7.52,93,1107.27,1097.59,8399
"206","Los Angeles - View Heights",7,7,174.48,2,54.14,41.91,60,1624.26,1419.56,3694
"207","Los Angeles - Watts",135,135,370.55,5,11.72,20.57,239,560.06,632.33,42674
"208","Los Angeles - Wellington Square",16,16,299.24,0,0,0,55,1119.02,1077.95,4915
"209","Los Angeles - West Adams",142,142,505.46,12,43.43,45.95,305,1103.87,1083.01,27630
"210","Los Angeles - West Hills",74,74,160.87,3,7.4,3.82,360,887.9,875.12,40545
"211","Los Angeles - West Los Angeles",61,61,147.09,2,5.31,4.45,468,1243.49,1140.55,37636
"212","Los Angeles - West Vernon",255,255,484.39,11,20.51,24.96,457,851.91,888.75,53644
"213","Los Angeles - Westchester",76,76,138.7,6,11.63,9.18,532,1030.95,967.73,51603
"214","Los Angeles - Westlake",338,338,608.78,50,84.24,97.02,401,675.6,683.34,59355
"215","Los Angeles - Westwood",56,56,114.44,5,9.24,8.99,656,1212.37,1438.4,54109
"216","Los Angeles - Wholesale District",214,214,522.56,4,11.07,16.86,339,938.3,833.34,36129
"217","Los Angeles - Wilmington",122,122,225.83,1,1.77,2.23,397,702.82,755.24,56487
"218","Los Angeles - Wilshire Center",145,145,269.86,13,25.91,27.28,344,685.67,634.17,50170
"219","Los Angeles - Winnetka",199,199,357.08,1,1.93,2.77,516,996.41,950.11,51786
"220","Los Angeles - Woodland Hills",128,128,163.24,10,14.69,9.98,854,1254.87,1109.34,68055
"221","Unincorporated - Acton",8,8,91.25,1,12.55,6.38,65,815.46,797.98,7971
"222","Unincorporated - Agua Dulce",2,2,85.41,0,0,0,26,625.3,668.65,4158
"223","Unincorporated - Altadena",86,86,201.14,4,9.17,8.71,256,586.89,597.34,43620
"224","Unincorporated - Anaverde",1,1,118.77,0,0,0,7,464.19,625.21,1508
"225","Unincorporated - Arcadia",4,4,48.89,1,12.53,7.6,36,451.07,412.96,7981
"226","Unincorporated - Athens Village",16,16,381.89,2,40.84,37.88,38,775.99,844.24,4897
"227","Unincorporated - Athens-Westmont",126,126,293.8,5,11.78,11.88,406,956.6,965.99,42442
"228","Unincorporated - Avocado Heights",14,14,215.62,1,14.76,14.23,35,516.61,505.43,6775
"229","Unincorporated - Azusa",29,29,186.89,1,6.28,9.51,76,477.3,466.39,15923
"230","Unincorporated - Bassett",35,35,232.9,1,6.75,8.18,86,580.41,564.08,14817
"231","Unincorporated - Canyon Country",28,28,375.41,0,0,0,98,1268.12,1367.24,7728
"232","Unincorporated - Castaic",163,163,588.93,1,3.68,5.37,178,654.63,676.21,27191
"233","Unincorporated - Covina",32,32,188.97,0,0,0,104,618.35,576.9,16819
"234","Unincorporated - Covina (Charter Oak)",22,22,162.49,0,0,0,80,608.64,578.62,13144
"235","Unincorporated - Del Aire",10,10,212.67,1,22.76,25.49,47,1069.88,978.52,4393
"236","Unincorporated - Del Sur",2,2,39.71,1,41.41,20.41,19,786.75,874.86,2415
"237","Unincorporated - Desert View Highlands",4,4,138.67,1,40.11,24.25,14,561.57,571.65,2493
"238","Unincorporated - Duarte",10,10,235.12,0,0,0,26,587.17,640.74,4428
"239","Unincorporated - East La Mirada",9,9,160.39,0,0,0,27,510.2,508.22,5292
"240","Unincorporated - East Los Angeles",454,454,374.25,25,19.96,23.12,781,623.46,640.5,125269
"241","Unincorporated - East Rancho Dominguez",26,26,175.6,1,6.53,7.79,65,424.61,462.74,15308
"242","Unincorporated - East Whittier",4,4,84.72,0,0,0,28,527.7,559.21,5306
"243","Unincorporated - El Camino Village",12,12,143.11,0,0,0,63,716.64,695.18,8791
"244","Unincorporated - Elizabeth Lake",1,1,50.81,0,0,0,6,361.23,431.38,1661
"245","Unincorporated - Florence-Firestone",288,288,483.33,10,15.45,22.49,345,533.19,569.81,64705
"246","Unincorporated - Glendora",2,2,456.23,0,0,0,5,757.58,1088.68,660
"247","Unincorporated - Hacienda Heights",64,64,104.97,1,1.79,1.22,266,475.63,472.84,55926
"248","Unincorporated - Hawthorne",4,4,150.27,0,0,0,13,517.1,513.06,2514
"249","Unincorporated - Kagel/Lopez Canyons",1,1,113.75,0,0,0,12,849.86,778.81,1412
"250","Unincorporated - La Crescenta-Montrose",17,17,97.14,1,5.05,3.11,160,808.04,855.17,19801
"251","Unincorporated - La Rambla",6,6,267.49,0,0,0,32,1542.17,1441.2,2075
"252","Unincorporated - La Verne",2,2,126.06,0,0,0,6,294.12,264.01,2040
"253","Unincorporated - Ladera Heights",17,17,160.55,1,14.14,6.58,131,1852.64,1376.24,7071
"254","Unincorporated - Lake Los Angeles",25,25,210.18,2,15.39,24.6,90,692.63,731.92,12994
"255","Unincorporated - Lake Manor",3,3,176.34,0,0,0,22,1339.01,1352.05,1643
"256","Unincorporated - Lennox",63,63,290.5,0,0,0,131,581.14,615.06,22542
"257","Unincorporated - Leona Valley",1,1,44.62,0,0,0,12,685.32,528.96,1751
"258","Unincorporated - Littlerock",11,11,275.16,0,0,0,28,696.34,735.68,4021
"259","Unincorporated - Littlerock/Juniper Hills",1,1,40.38,0,0,0,18,1387.82,1068.26,1297
"260","Unincorporated - Littlerock/Pearblossom",7,7,190.17,0,0,0,16,448.3,429.31,3569
"261","Unincorporated - Llano",1,1,109.37,0,0,0,3,342.08,222.56,877
"262","Unincorporated - Marina del Rey",11,11,95.03,1,10.63,12.84,122,1296.36,1058.31,9411
"263","Unincorporated - Monrovia",11,11,302.04,0,0,0,24,618.4,654.88,3881
"264","Unincorporated - North Lancaster",3,3,250.25,0,0,0,9,751.25,677.84,1198
"265","Unincorporated - North Whittier",6,6,66.1,1,11.96,11.3,53,633.97,634.13,8360
"266","Unincorporated - Northeast San Gabriel",21,21,78.94,2,8.32,8.67,99,411.88,414.06,24036
"267","Unincorporated - Palmdale",4,4,537.19,0,0,0,4,475.06,704.17,842
"268","Unincorporated - Pearblossom/Llano",2,2,53.94,0,0,0,8,409,318.16,1956
"269","Unincorporated - Pomona",1,1,98.89,0,0,0,4,206.4,468.77,1938
"270","Unincorporated - Quartz Hill",29,29,205.62,5,38.74,29.28,80,619.87,570.55,12906
"271","Unincorporated - Rancho Dominguez",12,12,390.21,1,37.58,18.32,34,1277.72,1168.55,2661
"272","Unincorporated - Rosewood",5,5,539.67,0,0,0,20,1555.21,1601.2,1286
"273","Unincorporated - Rosewood/West Rancho Dominguez",11,11,355.45,0,0,0,0,0,0,3361
"274","Unincorporated - Rowland Heights",67,67,125.8,2,3.92,3.12,208,407.67,366.18,51022
"275","Unincorporated - San Jose Hills",28,28,142.22,1,4.95,5.05,94,464.86,471.17,20221
"276","Unincorporated - Santa Catalina Island",2,2,2700,0,0,0,5,1872.66,1376.3,267
"277","Unincorporated - Santa Monica Mountains",19,19,115.85,1,5.37,2.44,297,1594.97,1628.26,18621
"278","Unincorporated - Saugus",4,4,2844.41,0,0,0,28,18064.52,19543.85,155
"279","Unincorporated - South El Monte",2,2,87.37,0,0,0,4,222.84,189.42,1795
"280","Unincorporated - South San Gabriel",14,14,113.6,1,11.3,7.19,39,440.78,398.45,8848
"281","Unincorporated - South Whittier",81,81,133.68,6,10.13,9.59,310,523.45,523.76,59222
"282","Unincorporated - Stevenson Ranch",21,21,102.54,0,0,0,162,772.68,782.67,20966
"283","Unincorporated - Sun Village",7,7,129.46,0,0,0,25,414.18,460.34,6036
"284","Unincorporated - Sunrise Village",1,1,107.7,0,0,0,5,385.8,300.74,1296
"285","Unincorporated - Twin Lakes/Oat Mountain",4,4,279.6,1,60.31,77.54,26,1568.15,1443.99,1658
"286","Unincorporated - Val Verde",4,4,107.94,0,0,0,19,574.19,551.04,3309
"287","Unincorporated - Valencia",5,5,392.88,0,0,0,30,976.56,1055.72,3072
"288","Unincorporated - Valinda",35,35,141.76,1,4.28,4.6,139,594.75,611.15,23371
"289","Unincorporated - View Park/Windsor Hills",28,28,221.32,1,8.59,3.48,162,1392.35,1225.37,11635
"290","Unincorporated - Walnut Park",56,56,355.07,2,12.39,11.33,102,631.85,630.05,16143
"291","Unincorporated - West Antelope Valley",2,2,211.34,0,0,0,6,397.09,322.19,1511
"292","Unincorporated - West Carson",74,74,280.86,6,27.17,16.32,224,1014.22,931.79,22086
"293","Unincorporated - West LA",21,21,1429.82,2,210.08,67.43,13,1365.55,1491.05,952
"294","Unincorporated - West Puente Valley",24,24,248.44,0,0,0,54,549.06,512.67,9835
"295","Unincorporated - West Rancho Dominguez",3,3,224.88,1,73.58,63.45,10,735.84,634.34,1359
"296","Unincorporated - West Whittier/Los Nietos",51,51,187.46,1,3.71,3.96,147,545.96,564.15,26925
"297","Unincorporated - White Fence Farms",2,2,39.01,0,0,0,18,488.73,528.04,3683
"298","Unincorporated - Whittier",6,6,142.28,0,0,0,16,422.83,413.2,3784
"299","Unincorporated - Willowbrook",74,74,228.18,3,8.59,11.8,206,590.04,638.17,34913
"300","Unincorporated - Wiseburn",9,9,137.32,0,0,0,65,1078.48,1101.24,6027
"301","City of Hidden Hills",0,0,0,0,0,0,20,1058.2,733.71,1890
"302","Los Angeles - Brookside",0,0,0,0,0,0,8,1376.94,1479.36,581
"303","Unincorporated - Angeles National Forest",0,0,0,0,0,0,6,481.93,419.24,1245
"304","Unincorporated - Bouquet Canyon",0,0,0,0,0,0,1,93.2,144.24,1073
"305","Unincorporated - Bradbury",0,0,0,0,0,0,3,2777.78,43.08,108
"306","Unincorporated - Cerritos",0,0,0,0,0,0,4,681.43,752.17,587
"307","Unincorporated - Claremont",0,0,0,0,0,0,5,712.25,999.98,702
"308","Unincorporated - Del Rey",0,0,0,0,0,0,3,943.4,721.49,318
"309","Unincorporated - East Covina",0,0,0,0,0,0,4,1215.81,571.4,329
"310","Unincorporated - East Lancaster",0,0,0,0,0,0,2,1754.39,596.82,114
"311","Unincorporated - East Pasadena",0,0,0,0,0,0,13,203.03,199.89,6403
"312","Unincorporated - El Monte",0,0,0,0,0,0,2,1379.31,1661.95,145
"313","Unincorporated - Hi Vista",0,0,0,0,0,0,7,637.52,754.97,1098
"314","Unincorporated - Lake Hughes",0,0,0,0,0,0,8,1197.6,1260.33,668
"315","Unincorporated - Palos Verdes Peninsula",0,0,0,0,0,0,5,805.15,1250.52,621
"316","Unincorporated - Pellissier Village",0,0,0,0,0,0,4,646.2,648.98,619
"317","Unincorporated - Placerita Canyon",0,0,0,0,0,0,2,434.78,567.79,460
"318","Unincorporated - Roosevelt",0,0,0,0,0,0,2,214.82,292.26,931
"319","Unincorporated - Rosewood/East Gardena",0,0,0,0,0,0,12,1005.87,839.2,1193
"320","Unincorporated - San Pasqual",0,0,0,0,0,0,1,49.14,36.95,2035
"321","Unincorporated - Saugus/Canyon Country",0,0,0,0,0,0,2,561.8,338.41,356
"322","Unincorporated - South Antelope Valley",0,0,0,0,0,0,1,219.78,117.68,455
"323","Unincorporated - Southeast Antelope Valley",0,0,0,0,0,0,1,128.04,310.62,781
"324","Unincorporated - Westfield/Academy Hills",0,0,0,0,0,0,13,1000,975.07,1300
"325","Unincorporated - Westhills",0,0,0,0,0,0,10,1191.9,1732.33,839
